{"timestamps": [1519083462.462832], "initial_reset_timestamp": 1519083426.272101, "episode_types": ["t"], "episode_lengths": [1000], "episode_rewards": [941.2758251175837]}