{"timestamps": [1519011606.042941], "initial_reset_timestamp": 1519011592.624293, "episode_types": ["t"], "episode_lengths": [1000], "episode_rewards": [-2811.54110617839]}