{"timestamps": [1519078020.737251], "initial_reset_timestamp": 1519077980.571255, "episode_types": ["t"], "episode_lengths": [1000], "episode_rewards": [-4569.657957129551]}