{"timestamps": [1519453122.55255], "initial_reset_timestamp": 1519453113.39108, "episode_types": ["t"], "episode_lengths": [1000], "episode_rewards": [1000.0]}